Codi_districte,Coordenada_UTM_X_ED50,Nk_Any,Causa conductor,Nom_districte,Descripcio_torn,Coordenada_UTM_Y_ED50,Codi_carrer,Nom_carrer,Dia_mes,Nom_mes,Nom_barri,Hora_dia,Número_expedient,Latitud_WGS84,Codi_barri,Mes_any,_id,Num_postal,Longitud_WGS84,Descripcio_dia_setmana
1,430843.618,2025,No respectar distàncies,Ciutat Vella,Tarda,4580926.531,198804,Paral·lel,5,Gener,el Raval,14,2025S000065,41.37503971,1,1,1,48,2.17187632,Diumenge
1,430453.561,2025,Manca d'atenció a la conducció,Ciutat Vella,Nit,4581623.910,254803,Peu de la Creu,9,Gener,el Raval,23,2025S000133,41.38128717,1,1,2,,2.16713227,Dijous
1,430453.561,2025,No respectat pas de vianants,Ciutat Vella,Nit,4581623.910,254803,Peu de la Creu,9,Gener,el Raval,23,2025S000133,41.38128717,1,1,3,,2.16713227,Dijous
1,431179.015,2025,Manca precaució incorporació circulació,Ciutat Vella,Matí,4581196.729,34308,Rambla,10,Gener,el Raval,13,2025S000159,41.37750208,1,1,4,9,2.17585604,Divendres
1,430352.425,2025,Manca d'atenció a la conducció,Ciutat Vella,Tarda,4581614.925,368100,Guifré,15,Gener,el Raval,16,2025S000256,41.38119749,1,1,5,,2.16592388,Dimecres
1,431106.571,2025,Manca d'atenció a la conducció,Ciutat Vella,Tarda,4581001.166,269200,Portal de Santa Madrona,16,Gener,el Raval,18,2025S000301,41.37573449,1,1,6,,2.17501202,Dijous
1,430731.601,2025,,Ciutat Vella,Nit,4580968.994,86902,Nou de la Rambla,19,Gener,el Raval,0,2025S000335,41.37541252,1,1,7,103,2.17053206,Diumenge
1,430178.716,2025,Avançament defectuós/improcedent,Ciutat Vella,Tarda,4581781.979,296508,Sant Antoni,19,Gener,el Raval,20,2025S000344,41.38268702,1,1,8,66,2.16382736,Diumenge
1,430972.098,2025,Manca d'atenció a la conducció,Ciutat Vella,Matí,4581122.920,140203,Drassanes,20,Gener,el Raval,6,2025S000353,41.37681957,1,1,9,14,2.17339021,Dilluns
1,430453.561,2025,Manca precaució incorporació circulació,Ciutat Vella,Nit,4581623.910,167709,Joaquín Costa,29,Gener,el Raval,0,2025S000521,41.38128717,1,1,10,,2.16713227,Dimecres
1,430467.436,2025,No respectat pas de vianants,Ciutat Vella,Matí,4581526.468,701215,Maria Aurèlia Capmany,29,Gener,el Raval,10,2025S000526,41.38041074,1,1,11,,2.16730938,Dimecres
1,431006.919,2025,No determinada,Ciutat Vella,Tarda,4581454.052,348907,Unió,31,Gener,el Raval,19,2025S000597,41.37980497,1,1,12,3-5,2.17376886,Divendres
1,430684.954,2025,No respectar distàncies,Ciutat Vella,Matí,4582066.489,34308,Rambla,6,Febrer,el Raval,10,2025S000693,41.38529332,1,2,13,135,2.16984868,Dijous
1,430972.098,2025,No determinada,Ciutat Vella,Nit,4581122.920,140203,Drassanes,7,Febrer,el Raval,22,2025S000737,41.37681957,1,2,14,14,2.17339021,Divendres
1,430601.160,2025,No determinada,Ciutat Vella,Matí,4581056.732,308505,Sant Pau,8,Febrer,el Raval,8,2025S000742,41.37619151,1,2,15,99B-101,2.16896229,Dissabte
1,430934.440,2025,Manca d'atenció a la conducció,Ciutat Vella,Matí,4580915.689,198804,Paral·lel,14,Febrer,el Raval,8,2025S000848,41.37494986,1,2,16,36,2.17296353,Divendres
1,430578.975,2025,Manca d'atenció a la conducció,Ciutat Vella,Tarda,4580942.337,198804,Paral·lel,16,Febrer,el Raval,21,2025S000890,41.37515927,1,2,17,74,2.16871013,Diumenge
1,431121.687,2025,Canvi de carril sense precaució,Ciutat Vella,Matí,4580897.913,198804,Paral·lel,23,Febrer,el Raval,6,2025S001009,41.37480582,1,2,18,26,2.17520450,Diumenge
1,431214.128,2025,Canvi de carril sense precaució,Ciutat Vella,Matí,4580892.358,701349,Drassanes,24,Febrer,el Raval,12,2025S001019,41.37476369,1,2,19,0,2.17631046,Dilluns
1,431302.276,2025,Manca d'atenció a la conducció,Ciutat Vella,Nit,4580803.952,701497,B-10 (Llobregat),27,Febrer,el Raval,1,2025S001082,41.37397498,1,2,20,K110,2.17737449,Dijous
1,430967.495,2025,,Ciutat Vella,Matí,4581570.069,34308,Rambla,5,Març,el Raval,11,2025S001244,41.38084652,1,3,21,65,2.17328420,Dimecres
1,431302.276,2025,Canvi de carril sense precaució,Ciutat Vella,Tarda,4580803.952,701266,Litoral (Llobregat),8,Març,el Raval,18,2025S001327,41.37397498,1,3,22,K110,2.17737449,Dissabte
1,431303.956,2025,Canvi de carril sense precaució,Ciutat Vella,Matí,4580950.667,700025,Josep Carner,10,Març,el Raval,8,2025S001351,41.37529655,1,3,23,,2.17737794,Dilluns
1,430686.858,2025,Gir indegut o sense precaució,Ciutat Vella,Tarda,4580920.057,198804,Paral·lel,14,Març,el Raval,19,2025S001451,41.37496791,1,3,24,,2.17000266,Divendres
1,430686.858,2025,No respectat pas de vianants,Ciutat Vella,Tarda,4580920.057,198804,Paral·lel,14,Març,el Raval,19,2025S001451,41.37496791,1,3,25,,2.17000266,Divendres
1,431372.370,2025,Manca d'atenció a la conducció,Ciutat Vella,Nit,4580879.471,701265,Litoral (Besòs),22,Març,el Raval,5,2025S001602,41.37466114,1,3,26,K109,2.17820405,Dissabte
1,431121.687,2025,Manca d'atenció a la conducció,Ciutat Vella,Nit,4580897.913,198804,Paral·lel,23,Març,el Raval,4,2025S001617,41.37480582,1,3,27,24,2.17520450,Diumenge
1,430934.440,2025,No respectar distàncies,Ciutat Vella,Matí,4580915.689,198804,Paral·lel,23,Març,el Raval,13,2025S001621,41.37494986,1,3,28,36,2.17296353,Diumenge
1,430935.567,2025,Manca d'atenció a la conducció,Ciutat Vella,Nit,4580960.647,39800,Ramon Berenguer el Vell,23,Març,el Raval,22,2025S001624,41.37535488,1,3,29,,2.17297188,Diumenge
1,430935.567,2025,Manca precaució incorporació circulació,Ciutat Vella,Nit,4580960.647,39800,Ramon Berenguer el Vell,23,Març,el Raval,22,2025S001624,41.37535488,1,3,30,,2.17297188,Diumenge
1,430972.098,2025,Desobeir altres senyals,Ciutat Vella,Tarda,4581122.920,140203,Drassanes,28,Març,el Raval,15,2025S001722,41.37681957,1,3,31,14,2.17339021,Divendres
1,431320.519,2025,No respectar distàncies,Ciutat Vella,Tarda,4580791.563,701265,Litoral (Besòs),28,Març,el Raval,17,2025S001723,41.37386495,1,3,32,K110,2.17759403,Divendres
1,430765.841,2025,No determinada,Ciutat Vella,Tarda,4581175.518,308301,Sant Oleguer,2,Abril,el Raval,21,2025S001832,41.37727558,1,4,33,10,2.17091787,Dimecres
1,430483.305,2025,Manca d'atenció a la conducció,Ciutat Vella,Matí,4581638.697,254803,Peu de la Creu,8,Abril,el Raval,12,2025S001964,41.38142292,1,4,34,11-17,2.16748626,Dimarts
1,431173.928,2025,Manca d'atenció a la conducció,Ciutat Vella,Matí,4581147.874,269200,Portal de Santa Madrona,10,Abril,el Raval,11,2025S001977,41.37706162,1,4,35,2,2.17580076,Dijous
1,430903.662,2025,Manca d'atenció a la conducció,Ciutat Vella,Matí,4580920.141,198804,Paral·lel,11,Abril,el Raval,11,2025S002009,41.37498732,1,4,36,38,2.17259501,Divendres
1,431292.130,2025,Manca d'atenció a la conducció,Ciutat Vella,Tarda,4580896.397,700025,Josep Carner,17,Abril,el Raval,19,2025S002125,41.37480675,1,4,37,27,2.17724269,Dijous
1,430251.510,2025,Gir indegut o sense precaució,Ciutat Vella,Nit,4582138.134,349207,Universitat,19,Abril,el Raval,22,2025S002158,41.38590112,1,4,38,,2.16465685,Dissabte
1,430772.423,2025,Fallada mecànica o avaria,Ciutat Vella,Nit,4581038.755,86902,Nou de la Rambla,22,Abril,el Raval,1,2025S002173,41.37604436,1,4,39,88,2.17101221,Dimarts
1,431100.341,2025,Avançament defectuós/improcedent,Ciutat Vella,Tarda,4581054.770,140203,Drassanes,26,Abril,el Raval,14,2025S002273,41.37621675,1,4,40,3,2.17493142,Dissabte
1,430495.953,2025,Manca d'atenció a la conducció,Ciutat Vella,Matí,4581836.827,216906,Montalegre,30,Abril,el Raval,13,2025S002341,41.38320851,1,4,41,2,2.16761477,Dimecres
1,430959.090,2025,Manca d'atenció a la conducció,Ciutat Vella,Matí,4581210.202,116800,Est,29,Abril,el Raval,12,2025S002342,41.37760458,1,4,42,3,2.17322471,Dimarts
1,431139.289,2025,Manca d'atenció a la conducció,Ciutat Vella,Nit,4581105.966,269200,Portal de Santa Madrona,3,Maig,el Raval,23,2025S002415,41.37668120,1,5,43,10,2.17539133,Dissabte
1,431264.960,2025,Manca d'atenció a la conducció,Ciutat Vella,Nit,4580708.897,701498,B-10 (Besòs),9,Maig,el Raval,1,2025S002546,41.37311566,1,5,44,K111,2.17693909,Divendres
1,430704.448,2025,Manca d'atenció a la conducció,Ciutat Vella,Nit,4581518.407,157909,Hospital,22,Maig,el Raval,3,2025S002843,41.38035859,1,5,45,,2.17014453,Dijous
1,430628.177,2025,No determinada,Ciutat Vella,Tarda,4581297.033,701367,Raval,23,Maig,el Raval,20,2025S002892,41.37835816,1,5,46,14,2.16925782,Divendres
1,430783.340,2025,No determinada,Ciutat Vella,Tarda,4580931.820,198804,Paral·lel,27,Maig,el Raval,17,2025S002952,41.37508217,1,5,47,52,2.17115496,Dimarts
1,430873.453,2025,No respectar distàncies,Ciutat Vella,Matí,4581116.521,140203,Drassanes,27,Maig,el Raval,13,2025S002958,41.37675346,1,5,48,29,2.17221138,Dimarts
1,430686.858,2025,Manca d'atenció a la conducció,Ciutat Vella,Matí,4580920.057,86902,Nou de la Rambla,31,Maig,el Raval,11,2025S003058,41.37496791,1,5,49,,2.17000266,Dissabte
1,431144.574,2025,No determinada,Ciutat Vella,Tarda,4581298.498,34308,Rambla,30,Maig,el Raval,16,2025S003063,41.37841573,1,5,50,25,2.17543263,Divendres
1,430335.339,2025,No determinada,Ciutat Vella,Matí,4582042.400,150207,Gravina,6,Juny,el Raval,7,2025S003212,41.38504615,1,6,51,,2.16567039,Divendres
1,431066.054,2025,,Ciutat Vella,Matí,4581406.892,86902,Nou de la Rambla,11,Juny,el Raval,10,2025S003368,41.37938528,1,6,52,2,2.17448137,Dimecres
1,430290.582,2025,No respectar distàncies,Ciutat Vella,Nit,4581412.739,296600,Sant Antoni Abat,12,Juny,el Raval,2,2025S003370,41.37937110,1,6,53,10-12,2.16520762,Dijous
1,431058.409,2025,Manca d'atenció a la conducció,Ciutat Vella,Matí,4581427.909,34308,Rambla,13,Juny,el Raval,11,2025S003401,41.37957392,1,6,54,43,2.17438756,Divendres
1,431113.444,2025,Manca d'atenció a la conducció,Ciutat Vella,Matí,4581084.290,140203,Drassanes,17,Juny,el Raval,11,2025S003540,41.37648376,1,6,55,6-8,2.17508475,Dimarts
1,430657.453,2025,Manca d'atenció a la conducció,Ciutat Vella,Matí,4582078.133,250904,Pelai,20,Juny,el Raval,8,2025S003587,41.38539582,1,6,56,60,2.16951846,Divendres
1,430657.453,2025,No respectar distàncies,Ciutat Vella,Matí,4582078.133,250904,Pelai,20,Juny,el Raval,8,2025S003587,41.38539582,1,6,57,60,2.16951846,Divendres
1,431292.130,2025,No determinada,Ciutat Vella,Matí,4580896.397,700025,Josep Carner,24,Juny,el Raval,10,2025S003637,41.37480675,1,6,58,27,2.17724269,Dimarts
1,430577.892,2025,Manca d'atenció a la conducció,Ciutat Vella,Matí,4581354.565,701367,Raval,25,Juny,el Raval,11,2025S003654,41.37887200,1,6,59,6,2.16864993,Dimecres
1,430818.359,2025,Manca precaució efectuar marxa enrera,Ciutat Vella,Matí,4581230.955,198258,Marquès de Barberà,27,Juny,el Raval,11,2025S003704,41.37777940,1,6,60,20-22,2.17153953,Divendres
1,430860.318,2025,Manca d'atenció a la conducció,Ciutat Vella,Nit,4581140.329,140203,Drassanes,28,Juny,el Raval,4,2025S003731,41.37696676,1,6,61,,2.17205161,Dissabte
1,431258.873,2025,Manca d'atenció a la conducció,Ciutat Vella,Matí,4580951.930,269108,Portal de la Pau,28,Juny,el Raval,10,2025S003732,41.37530407,1,6,62,1,2.17683873,Dissabte
1,430735.736,2025,No respectat pas de vianants,Ciutat Vella,Matí,4581224.213,308301,Sant Oleguer,30,Juny,el Raval,9,2025S003825,41.37771156,1,6,63,,2.17055232,Dilluns
1,431292.130,2025,Desobeir semàfor,Ciutat Vella,Tarda,4580896.397,700025,Josep Carner,3,Juliol,el Raval,17,2025S003871,41.37480675,1,7,64,27,2.17724269,Dijous
1,431213.914,2025,Avançament defectuós/improcedent,Ciutat Vella,Tarda,4580892.215,701349,Drassanes,3,Juliol,el Raval,18,2025S003872,41.37476239,1,7,65,1,2.17630792,Dijous
1,430506.270,2025,Canvi de carril sense precaució,Ciutat Vella,Nit,4582109.552,250904,Pelai,4,Juliol,el Raval,4,2025S003878,41.38566575,1,7,66,,2.16770684,Divendres
1,430904.235,2025,Manca d'atenció a la conducció,Ciutat Vella,Matí,4581425.788,308505,Sant Pau,7,Juliol,el Raval,13,2025S003984,41.37954159,1,7,67,17,2.17254419,Dilluns
1,430566.069,2025,Manca d'atenció a la conducció,Ciutat Vella,Matí,4581003.635,308505,Sant Pau,10,Juliol,el Raval,11,2025S004081,41.37571025,1,7,68,107,2.16854878,Dijous
1,430611.470,2025,No respectat pas de vianants,Ciutat Vella,Nit,4581360.461,701367,Raval,10,Juliol,el Raval,1,2025S004086,41.37892800,1,7,69,,2.16905078,Dijous
1,430251.510,2025,,Ciutat Vella,Nit,4582138.134,349207,Universitat,12,Juliol,el Raval,0,2025S004124,41.38590112,1,7,70,,2.16465685,Dissabte
1,430512.159,2025,Manca precaució efectuar marxa enrera,Ciutat Vella,Nit,4581814.858,16601,Àngels,13,Juliol,el Raval,0,2025S004148,41.38301204,1,7,71,1,2.16781109,Diumenge
1,431090.316,2025,No determinada,Ciutat Vella,Nit,4581379.451,34308,Rambla,16,Juliol,el Raval,2,2025S004206,41.37914021,1,7,72,35,2.17477462,Dimecres
1,430506.270,2025,Desobeir altres senyals,Ciutat Vella,Tarda,4582109.552,250904,Pelai,22,Agost,el Raval,20,2025S004968,41.38566575,1,8,87,,2.16770684,Divendres
1,430626.853,2025,Manca d'atenció a la conducció,Ciutat Vella,Matí,4582082.013,250904,Pelai,17,Juliol,el Raval,11,2025S004244,41.38542814,1,7,73,56,2.16915207,Dijous
1,431077.022,2025,Manca d'atenció a la conducció,Ciutat Vella,Nit,4581427.379,34308,Rambla,19,Juliol,el Raval,4,2025S004293,41.37957075,1,7,74,,2.17461019,Dissabte
1,431110.582,2025,Desobeir semàfor,Ciutat Vella,Tarda,4580879.869,198804,Paral·lel,16,Juliol,el Raval,17,2025S004393,41.37464235,1,7,75,,2.17507377,Dimecres
1,430828.378,2025,No respectat pas de vianants,Ciutat Vella,Tarda,4581327.416,308505,Sant Pau,24,Juliol,el Raval,20,2025S004431,41.37864906,1,7,76,53,2.17164832,Dijous
1,430307.066,2025,Altres,Ciutat Vella,Matí,4581138.309,308709,Sant Pau,31,Agost,el Raval,11,2025S004502,41.37690082,1,8,77,,2.16543631,Diumenge
1,430448.847,2025,Manca d'atenció a la conducció,Ciutat Vella,Matí,4581613.056,254803,Peu de la Creu,28,Juliol,el Raval,11,2025S004524,41.38118900,1,7,78,17B,2.16707715,Dilluns
1,430457.739,2025,No determinada,Ciutat Vella,Tarda,4581633.153,254803,Peu de la Creu,29,Juliol,el Raval,14,2025S004554,41.38137078,1,7,79,12,2.16718117,Dimarts
1,431303.956,2025,Manca d'atenció a la conducció,Ciutat Vella,Nit,4580950.667,700025,Josep Carner,8,Agost,el Raval,23,2025S004752,41.37529655,1,8,80,,2.17737794,Divendres
1,430686.858,2025,Avançament defectuós/improcedent,Ciutat Vella,Matí,4580920.057,86902,Nou de la Rambla,10,Agost,el Raval,12,2025S004772,41.37496791,1,8,81,,2.17000266,Diumenge
1,430686.858,2025,Gir indegut o sense precaució,Ciutat Vella,Matí,4580920.057,86902,Nou de la Rambla,10,Agost,el Raval,12,2025S004772,41.37496791,1,8,82,,2.17000266,Diumenge
1,430837.993,2025,Manca d'atenció a la conducció,Ciutat Vella,Matí,4581755.061,34308,Rambla,12,Agost,el Raval,6,2025S004795,41.38250156,1,8,83,99,2.17171446,Dimarts
1,431161.593,2025,No respectat pas de vianants,Ciutat Vella,Tarda,4581300.310,34308,Rambla,7,Agost,el Raval,18,2025S004838,41.37843351,1,8,84,,2.17563594,Dijous
1,431141.525,2025,Gir indegut o sense precaució,Ciutat Vella,Tarda,4581056.298,269200,Portal de Santa Madrona,19,Agost,el Raval,18,2025S004920,41.37623405,1,8,85,,2.17542370,Dimarts
1,430238.805,2025,Altres,Ciutat Vella,Tarda,4582097.331,349207,Universitat,21,Agost,el Raval,21,2025S004961,41.38553252,1,8,86,6,2.16450961,Dijous
1,430506.270,2025,Manca d'atenció a la conducció,Ciutat Vella,Tarda,4582109.552,250904,Pelai,22,Agost,el Raval,20,2025S004968,41.38566575,1,8,88,,2.16770684,Divendres
1,430951.604,2025,Manca precaució efectuar marxa enrera,Ciutat Vella,Matí,4580992.967,21306,Arc del Teatre,25,Agost,el Raval,9,2025S004990,41.37564736,1,8,89,63,2.17315996,Dilluns
1,430506.270,2025,Manca d'atenció a la conducció,Ciutat Vella,Matí,4582109.552,357001,Bergara,1,Setembre,el Raval,11,2025S005102,41.38566575,1,9,90,,2.16770684,Dilluns
1,430868.420,2025,Manca d'atenció a la conducció,Ciutat Vella,Nit,4581557.821,20303,Arc de Sant Agustí,4,Setembre,el Raval,1,2025S005158,41.38072770,1,9,91,1,2.17210084,Dijous
1,430626.853,2025,Manca d'atenció a la conducció,Ciutat Vella,Tarda,4582082.013,250904,Pelai,5,Setembre,el Raval,17,2025S005230,41.38542814,1,9,92,56,2.16915207,Divendres
1,430824.751,2025,Manca d'atenció a la conducció,Ciutat Vella,Tarda,4581041.681,234602,Om,10,Setembre,el Raval,15,2025S005315,41.37607521,1,9,93,6,2.17163758,Dimecres
1,430423.152,2025,Manca d'atenció a la conducció,Ciutat Vella,Nit,4581546.944,282106,Riera Alta,14,Setembre,el Raval,0,2025S005370,41.38059132,1,9,94,12,2.16677747,Diumenge
1,431242.622,2025,Manca d'atenció a la conducció,Ciutat Vella,Nit,4580854.666,701349,Drassanes,20,Setembre,el Raval,2,2025S005499,41.37442665,1,9,95,,2.17665545,Dissabte
1,430679.397,2025,Manca d'atenció a la conducció,Ciutat Vella,Nit,4581505.549,157909,Hospital,27,Setembre,el Raval,1,2025S005645,41.38024062,1,9,96,87,2.16984644,Dissabte
1,430860.318,2025,No respectar distàncies,Ciutat Vella,Matí,4581140.329,308301,Sant Oleguer,1,Octubre,el Raval,12,2025S005749,41.37696676,1,10,97,,2.17205161,Dimecres
1,430753.225,2025,Manca precaució efectuar marxa enrera,Ciutat Vella,Nit,4581987.863,34308,Rambla,2,Octubre,el Raval,23,2025S005780,41.38459104,1,10,98,,2.17067414,Dijous
1,430951.151,2025,Manca d'atenció a la conducció,Ciutat Vella,Matí,4581244.933,86902,Nou de la Rambla,8,Octubre,el Raval,11,2025S006054,41.37791671,1,10,99,31,2.17312583,Dimecres
1,430526.318,2025,Manca d'atenció a la conducció,Ciutat Vella,Tarda,4582059.008,171003,Jovellanos,15,Octubre,el Raval,19,2025S006080,41.38521225,1,10,100,4,2.16795240,Dimecres
